ATS ,Job Source URLS
Oracle Cloud,https://don.fa.em2.oraclecloud.com/hcmUI/CandidateExperience/en/sites/cx_1003/jobs
Oracle Cloud,https://ebcs.fa.em2.oraclecloud.com/hcmUI/CandidateExperience/en/sites/cx_1/jobs
Oracle Cloud,https://ebct.fa.us2.oraclecloud.com/hcmUI/CandidateExperience/en/sites/cx_1033/jobs
Oracle Cloud,https://ebdt.fa.us2.oraclecloud.com/hcmUI/CandidateExperience/en/sites/cx_5001/jobs
Oracle Cloud,https://ebeg.fa.us2.oraclecloud.com/hcmUI/CandidateExperience/en/sites/cx_1/jobs
Oracle Cloud,https://ebhu.fa.us2.oraclecloud.com/hcmUI/CandidateExperience/en/sites/cx/jobs
Oracle Cloud,https://ebhz.fa.us2.oraclecloud.com/hcmUI/CandidateExperience/en/sites/ocwen/jobs
Oracle Cloud,https://ebqb.fa.us2.oraclecloud.com/hcmUI/CandidateExperience/en/sites/bdoexperiencedcareers/jobs
Oracle Cloud,https://ebqb.fa.us2.oraclecloud.com/hcmUI/CandidateExperience/en/sites/cx_1/jobs
Oracle Cloud,https://ebrf.fa.us2.oraclecloud.com/hcmUI/CandidateExperience/en/sites/cx_1/jobs
Oracle Cloud,https://ebud.fa.us2.oraclecloud.com/hcmUI/CandidateExperience/en/sites/cx/jobs
Oracle Cloud,https://ebud.fa.us2.oraclecloud.com/hcmUI/CandidateExperience/en/sites/cx_1/jobs
Oracle Cloud,https://ebuu.fa.ap1.oraclecloud.com/hcmUI/CandidateExperience/en/sites/cx/jobs
Oracle Cloud,https://ebwb.fa.us2.oraclecloud.com/hcmUI/CandidateExperience/en/sites/cx/jobs
Oracle Cloud,https://ebwg.fa.us2.oraclecloud.com/hcmUI/CandidateExperience/en/sites/cx/jobs
Oracle Cloud,https://ebwh.fa.us2.oraclecloud.com/hcmUI/CandidateExperience/en/sites/cx_1/jobs
Oracle Cloud,https://ebwh.fa.us2.oraclecloud.com/hcmUI/CandidateExperience/en/sites/cx_1001/jobs
Oracle Cloud,https://ebxr.fa.us2.oraclecloud.com/hcmUI/CandidateExperience/en/sites/cx_1/jobs
Oracle Cloud,https://ebxs.fa.us2.oraclecloud.com/hcmUI/CandidateExperience/en/sites/cx_2/jobs
Oracle Cloud,https://ebyf.fa.us2.oraclecloud.com/hcmUI/CandidateExperience/en/sites/cx_1001/jobs
Oracle Cloud,https://ebza.fa.em2.oraclecloud.com/hcmUI/CandidateExperience/en/sites/cx_1001/jobs
Oracle Cloud,https://ecau.fa.em2.oraclecloud.com/hcmUI/CandidateExperience/en/sites/cx/jobs
Oracle Cloud,https://ecge.fa.us2.oraclecloud.com/hcmUI/CandidateExperience/en/sites/cx_1003/jobs
Oracle Cloud,https://echs.fa.us2.oraclecloud.com/hcmUI/CandidateExperience/en/sites/cx/jobs
Oracle Cloud,https://echs.fa.us2.oraclecloud.com/hcmUI/CandidateExperience/en/sites/presbyterianmedicalservices/jobs
Oracle Cloud,https://eckb.fa.us2.oraclecloud.com/hcmUI/CandidateExperience/en/sites/cx_1001/jobs
Oracle Cloud,https://eckb.fa.us2.oraclecloud.com/hcmUI/CandidateExperience/en/sites/cx_1002/jobs
Oracle Cloud,https://eckb.fa.us2.oraclecloud.com/hcmUI/CandidateExperience/en/sites/cx_1018/jobs
Oracle Cloud,https://eckb.fa.us2.oraclecloud.com/hcmUI/CandidateExperience/en/sites/cx_1019/jobs
Oracle Cloud,https://eckb.fa.us2.oraclecloud.com/hcmUI/CandidateExperience/en/sites/cx_2/jobs
Oracle Cloud,https://ecqf.fa.em2.oraclecloud.com/hcmUI/CandidateExperience/en/sites/ipsoscareers/jobs
Oracle Cloud,https://ecum.fa.em2.oraclecloud.com/hcmUI/CandidateExperience/en/sites/cx_2/jobs
Oracle Cloud,https://ecwz.fa.em3.oraclecloud.com/hcmUI/CandidateExperience/en/sites/wmp/jobs
Oracle Cloud,https://ecyq.fa.em2.oraclecloud.com/hcmUI/CandidateExperience/en/sites/cx_1/jobs
Oracle Cloud,https://edfl.fa.em2.oraclecloud.com/hcmUI/CandidateExperience/en/sites/cx_1001/jobs
Oracle Cloud,https://ediu.fa.em2.oraclecloud.com/hcmUI/CandidateExperience/en/sites/cx/jobs
Oracle Cloud,https://ediu.fa.em2.oraclecloud.com/hcmUI/CandidateExperience/en/sites/cx_1/jobs
Oracle Cloud,https://edox.fa.ap1.oraclecloud.com/hcmUI/CandidateExperience/en/sites/cx_33/jobs
Oracle Cloud,https://edte.fa.em2.oraclecloud.com/hcmUI/CandidateExperience/en/sites/cx_1/jobs
Oracle Cloud,https://edte.fa.em2.oraclecloud.com/hcmUI/CandidateExperience/en/sites/cx_1004/jobs
Oracle Cloud,https://edtq.fa.ap1.oraclecloud.com/hcmUI/CandidateExperience/en/sites/cx_1/jobs
Oracle Cloud,https://edzt.fa.em4.oraclecloud.com/hcmUI/CandidateExperience/en/sites/cx/jobs
Oracle Cloud,https://edzz.fa.em3.oraclecloud.com/hcmUI/CandidateExperience/en/sites/cx_6001/jobs
Oracle Cloud,https://edzz.fa.em3.oraclecloud.com/hcmUI/CandidateExperience/en/sites/cx_6004/jobs
Oracle Cloud,https://eedu.fa.em3.oraclecloud.com/hcmUI/CandidateExperience/en/sites/cx_1001/jobs
Oracle Cloud,https://eedu.fa.em3.oraclecloud.com/hcmUI/CandidateExperience/en/sites/cx_1003/jobs
Oracle Cloud,https://eeji.fa.em3.oraclecloud.com/hcmUI/CandidateExperience/en/sites/cx_1/jobs
Oracle Cloud,https://eexh.fa.em3.oraclecloud.com/hcmUI/CandidateExperience/en/sites/cx_1/jobs
Oracle Cloud,https://eezy.fa.ca2.oraclecloud.com/hcmUI/CandidateExperience/en/sites/cx/jobs
Oracle Cloud,https://efan.fa.em3.oraclecloud.com/hcmUI/CandidateExperience/en/sites/cx_1/jobs
Oracle Cloud,https://efds.fa.em5.oraclecloud.com/hcmUI/CandidateExperience/en/sites/cx_1/jobs
Oracle Cloud,https://effe.fa.em3.oraclecloud.com/hcmUI/CandidateExperience/en/sites/cx_3/jobs
Oracle Cloud,https://efjm.fa.ca2.oraclecloud.com/hcmUI/CandidateExperience/en/sites/tforcefreight/jobs
Oracle Cloud,https://eftr.fa.em2.oraclecloud.com/hcmUI/CandidateExperience/en/sites/cx/jobs
Oracle Cloud,https://efuf.fa.em2.oraclecloud.com/hcmUI/CandidateExperience/en/sites/cx_1/jobs
KekaHR,https://10decoders.keka.com/careers/
KekaHR,https://acaindia.keka.com/careers/
KekaHR,https://adda247.keka.com/careers/
KekaHR,https://aecor.keka.com/careers/
KekaHR,https://aesc.keka.com/careers/
KekaHR,https://algoscale.keka.com/careers/
KekaHR,https://algoshack.keka.com/careers/
KekaHR,https://allcloud.keka.com/careers/
KekaHR,https://almondz.keka.com/careers/
KekaHR,https://americanchase.keka.com/careers/
KekaHR,https://amura.keka.com/careers/
KekaHR,https://an2skills.keka.com/careers/
KekaHR,https://analyticsvidhya.keka.com/careers/
KekaHR,https://anblicks.keka.com/careers/
KekaHR,https://ansibytecode.keka.com/careers/
KekaHR,https://antara.keka.com/careers/
KekaHR,https://anubhutiorganization.keka.com/careers/
KekaHR,https://applify.keka.com/careers/
KekaHR,https://appvirality.keka.com/careers/
KekaHR,https://ark.keka.com/careers/
KekaHR,https://arkasoftwares.keka.com/careers/
KekaHR,https://asteria.keka.com/careers/
KekaHR,https://astrogatelabs.keka.com/careers/
KekaHR,https://atgeir.keka.com/careers/
KekaHR,https://atyantik.keka.com/careers/
KekaHR,https://aubergine.keka.com/careers/
KekaHR,https://aurigait.keka.com/careers/
KekaHR,https://aus.keka.com/careers/
KekaHR,https://aussizzgroup.keka.com/careers/
KekaHR,https://autonomize.keka.com/careers/
KekaHR,https://avail.keka.com/careers/
KekaHR,https://avataar.keka.com/careers/
KekaHR,https://awfis.keka.com/careers/
KekaHR,https://awiros.keka.com/careers/
KekaHR,https://axio.keka.com/careers/
KekaHR,https://belltechlogix.keka.com/careers/
KekaHR,https://berkowits.keka.com/careers/
KekaHR,https://bettrhq.keka.com/careers/
KekaHR,https://beyondkey.keka.com/careers/
KekaHR,https://bigohtech.keka.com/careers/
KekaHR,https://bijak.keka.com/careers/
KekaHR,https://bilvantis.keka.com/careers/
KekaHR,https://bindz.keka.com/careers/
KekaHR,https://blitznow.keka.com/careers/
DarwinBox,https://adaglobal.darwinbox.com/ms/candidate/careers
DarwinBox,https://alef.darwinbox.com/ms/candidate/careers
DarwinBox,https://axiofinance.darwinbox.in/ms/candidate/careers
DarwinBox,https://bharatpe.darwinbox.in/ms/candidate/careers
DarwinBox,https://busybeesasia.darwinbox.com/ms/candidate/careers
DarwinBox,https://caratlane.darwinbox.in/ms/candidate/careers
DarwinBox,https://codingninjas.darwinbox.in/ms/candidate/careers
DarwinBox,https://davchennai.darwinbox.in/ms/candidate/careers
DarwinBox,https://efishery.darwinbox.com/ms/candidate/careers
DarwinBox,https://elifefirst.darwinbox.in/ms/candidate/careers
DarwinBox,https://fsmk.darwinbox.com/ms/candidate/careers
DarwinBox,https://greenkogroup.darwinbox.in/ms/candidate/careers
DarwinBox,https://halodoc.darwinbox.com/ms/candidate/careers
DarwinBox,https://hanoverco.darwinbox.in/ms/candidate/careers
DarwinBox,https://hdfcbank-onehr.darwinbox.in/ms/candidate/careers
DarwinBox,https://hoh.darwinbox.in/ms/candidate/careers
DarwinBox,https://hrmocb.darwinbox.com/ms/candidate/careers
DarwinBox,https://hrsembcorp.darwinbox.com/ms/candidate/careers
DarwinBox,https://jgsummit.darwinbox.com/ms/candidate/careers
DarwinBox,https://kopikenangan.darwinbox.com/ms/candidate/careers
DarwinBox,https://lautanluasgroup.darwinbox.com/ms/candidate/careers
DarwinBox,https://mhealth.darwinbox.com/ms/candidate/careers
DarwinBox,https://mordorintelligence.darwinbox.in/ms/candidate/careers
DarwinBox,https://mpevans.darwinbox.com/ms/candidate/careers
DarwinBox,https://mycrisil.darwinbox.com/ms/candidate/careers
Join.com,https://join.com/companies/qdrant
Join.com,https://join.com/companies/enterprisebot
Join.com,https://join.com/companies/sphaira-medical
Join.com,https://join.com/companies/hivekra1
